type,sitemap_url,legacy_apex_url,target_shop_url,redirect_policy,path
home,https://adeliedraw.cafe24.com/,https://adeliedraw.com/,,brand_home_no_redirect,/
shopinfo,https://adeliedraw.cafe24.com/shopinfo/company.html,https://adeliedraw.com/shopinfo/company.html,https://shop.adeliedraw.com/shopinfo/company.html,301_or_308_preserve_path_query,/shopinfo/company.html
member,https://adeliedraw.cafe24.com/member/agreement.html,https://adeliedraw.com/member/agreement.html,https://shop.adeliedraw.com/member/agreement.html,301_or_308_preserve_path_query,/member/agreement.html
member,https://adeliedraw.cafe24.com/member/privacy.html,https://adeliedraw.com/member/privacy.html,https://shop.adeliedraw.com/member/privacy.html,301_or_308_preserve_path_query,/member/privacy.html
board,https://adeliedraw.cafe24.com/board/공지사항/1/,https://adeliedraw.com/board/공지사항/1/,https://shop.adeliedraw.com/board/공지사항/1/,301_or_308_preserve_path_query,/board/공지사항/1/
board,https://adeliedraw.cafe24.com/board/상품-사용후기/4/,https://adeliedraw.com/board/상품-사용후기/4/,https://shop.adeliedraw.com/board/상품-사용후기/4/,301_or_308_preserve_path_query,/board/상품-사용후기/4/
category,https://adeliedraw.cafe24.com/category/스티커/42/,https://adeliedraw.com/category/스티커/42/,https://shop.adeliedraw.com/category/스티커/42/,301_or_308_preserve_path_query,/category/스티커/42/
category,https://adeliedraw.cafe24.com/category/마스킹테이프/43/,https://adeliedraw.com/category/마스킹테이프/43/,https://shop.adeliedraw.com/category/마스킹테이프/43/,301_or_308_preserve_path_query,/category/마스킹테이프/43/
category,https://adeliedraw.cafe24.com/category/떡메모지노트/44/,https://adeliedraw.com/category/떡메모지노트/44/,https://shop.adeliedraw.com/category/떡메모지노트/44/,301_or_308_preserve_path_query,/category/떡메모지노트/44/
category,https://adeliedraw.cafe24.com/category/다꾸용품/45/,https://adeliedraw.com/category/다꾸용품/45/,https://shop.adeliedraw.com/category/다꾸용품/45/,301_or_308_preserve_path_query,/category/다꾸용품/45/
category,https://adeliedraw.cafe24.com/category/펜필기구/46/,https://adeliedraw.com/category/펜필기구/46/,https://shop.adeliedraw.com/category/펜필기구/46/,301_or_308_preserve_path_query,/category/펜필기구/46/
category,https://adeliedraw.cafe24.com/category/편지지엽서/47/,https://adeliedraw.com/category/편지지엽서/47/,https://shop.adeliedraw.com/category/편지지엽서/47/,301_or_308_preserve_path_query,/category/편지지엽서/47/
category,https://adeliedraw.cafe24.com/category/데스크용품/48/,https://adeliedraw.com/category/데스크용품/48/,https://shop.adeliedraw.com/category/데스크용품/48/,301_or_308_preserve_path_query,/category/데스크용품/48/
category,https://adeliedraw.cafe24.com/category/선물패키지/49/,https://adeliedraw.com/category/선물패키지/49/,https://shop.adeliedraw.com/category/선물패키지/49/,301_or_308_preserve_path_query,/category/선물패키지/49/
category,https://adeliedraw.cafe24.com/category/패턴-마스킹테이프/50/,https://adeliedraw.com/category/패턴-마스킹테이프/50/,https://shop.adeliedraw.com/category/패턴-마스킹테이프/50/,301_or_308_preserve_path_query,/category/패턴-마스킹테이프/50/
category,https://adeliedraw.cafe24.com/category/투명다이컷-스티커/51/,https://adeliedraw.com/category/투명다이컷-스티커/51/,https://shop.adeliedraw.com/category/투명다이컷-스티커/51/,301_or_308_preserve_path_query,/category/투명다이컷-스티커/51/
category,https://adeliedraw.cafe24.com/category/씰스티커/52/,https://adeliedraw.com/category/씰스티커/52/,https://shop.adeliedraw.com/category/씰스티커/52/,301_or_308_preserve_path_query,/category/씰스티커/52/
category,https://adeliedraw.cafe24.com/category/리무버블-스티커/53/,https://adeliedraw.com/category/리무버블-스티커/53/,https://shop.adeliedraw.com/category/리무버블-스티커/53/,301_or_308_preserve_path_query,/category/리무버블-스티커/53/
category,https://adeliedraw.cafe24.com/category/단색그라데이션-마테/54/,https://adeliedraw.com/category/단색그라데이션-마테/54/,https://shop.adeliedraw.com/category/단색그라데이션-마테/54/,301_or_308_preserve_path_query,/category/단색그라데이션-마테/54/
category,https://adeliedraw.cafe24.com/category/플래너스케줄러/55/,https://adeliedraw.com/category/플래너스케줄러/55/,https://shop.adeliedraw.com/category/플래너스케줄러/55/,301_or_308_preserve_path_query,/category/플래너스케줄러/55/
category,https://adeliedraw.cafe24.com/category/떡메모지/56/,https://adeliedraw.com/category/떡메모지/56/,https://shop.adeliedraw.com/category/떡메모지/56/,301_or_308_preserve_path_query,/category/떡메모지/56/
category,https://adeliedraw.cafe24.com/category/핀셋소품도구/57/,https://adeliedraw.com/category/핀셋소품도구/57/,https://shop.adeliedraw.com/category/핀셋소품도구/57/,301_or_308_preserve_path_query,/category/핀셋소품도구/57/
category,https://adeliedraw.cafe24.com/category/다이어리노트/58/,https://adeliedraw.com/category/다이어리노트/58/,https://shop.adeliedraw.com/category/다이어리노트/58/,301_or_308_preserve_path_query,/category/다이어리노트/58/
category,https://adeliedraw.cafe24.com/category/광폭-마스킹테이프/59/,https://adeliedraw.com/category/광폭-마스킹테이프/59/,https://shop.adeliedraw.com/category/광폭-마스킹테이프/59/,301_or_308_preserve_path_query,/category/광폭-마스킹테이프/59/
category,https://adeliedraw.cafe24.com/category/형광펜마커/60/,https://adeliedraw.com/category/형광펜마커/60/,https://shop.adeliedraw.com/category/형광펜마커/60/,301_or_308_preserve_path_query,/category/형광펜마커/60/
category,https://adeliedraw.cafe24.com/category/보관-바인더포켓/61/,https://adeliedraw.com/category/보관-바인더포켓/61/,https://shop.adeliedraw.com/category/보관-바인더포켓/61/,301_or_308_preserve_path_query,/category/보관-바인더포켓/61/
category,https://adeliedraw.cafe24.com/category/스탬프인스/62/,https://adeliedraw.com/category/스탬프인스/62/,https://shop.adeliedraw.com/category/스탬프인스/62/,301_or_308_preserve_path_query,/category/스탬프인스/62/
category,https://adeliedraw.cafe24.com/category/겔펜볼펜/63/,https://adeliedraw.com/category/겔펜볼펜/63/,https://shop.adeliedraw.com/category/겔펜볼펜/63/,301_or_308_preserve_path_query,/category/겔펜볼펜/63/
category,https://adeliedraw.cafe24.com/category/동물-씰스티커/74/,https://adeliedraw.com/category/동물-씰스티커/74/,https://shop.adeliedraw.com/category/동물-씰스티커/74/,301_or_308_preserve_path_query,/category/동물-씰스티커/74/
category,https://adeliedraw.cafe24.com/category/식물-씰스티커/75/,https://adeliedraw.com/category/식물-씰스티커/75/,https://shop.adeliedraw.com/category/식물-씰스티커/75/,301_or_308_preserve_path_query,/category/식물-씰스티커/75/
category,https://adeliedraw.cafe24.com/category/폰케이스용-스티커/76/,https://adeliedraw.com/category/폰케이스용-스티커/76/,https://shop.adeliedraw.com/category/폰케이스용-스티커/76/,301_or_308_preserve_path_query,/category/폰케이스용-스티커/76/
category,https://adeliedraw.cafe24.com/category/노트북용-스티커/77/,https://adeliedraw.com/category/노트북용-스티커/77/,https://shop.adeliedraw.com/category/노트북용-스티커/77/,301_or_308_preserve_path_query,/category/노트북용-스티커/77/
category,https://adeliedraw.cafe24.com/category/일상-씰스티커/78/,https://adeliedraw.com/category/일상-씰스티커/78/,https://shop.adeliedraw.com/category/일상-씰스티커/78/,301_or_308_preserve_path_query,/category/일상-씰스티커/78/
category,https://adeliedraw.cafe24.com/category/빅사이즈-스티커/79/,https://adeliedraw.com/category/빅사이즈-스티커/79/,https://shop.adeliedraw.com/category/빅사이즈-스티커/79/,301_or_308_preserve_path_query,/category/빅사이즈-스티커/79/
category,https://adeliedraw.cafe24.com/category/조각-조각-스티커/80/,https://adeliedraw.com/category/조각-조각-스티커/80/,https://shop.adeliedraw.com/category/조각-조각-스티커/80/,301_or_308_preserve_path_query,/category/조각-조각-스티커/80/
category,https://adeliedraw.cafe24.com/category/체크-마스킹테이프/81/,https://adeliedraw.com/category/체크-마스킹테이프/81/,https://shop.adeliedraw.com/category/체크-마스킹테이프/81/,301_or_308_preserve_path_query,/category/체크-마스킹테이프/81/
category,https://adeliedraw.cafe24.com/category/오브제-데코-스티커/82/,https://adeliedraw.com/category/오브제-데코-스티커/82/,https://shop.adeliedraw.com/category/오브제-데코-스티커/82/,301_or_308_preserve_path_query,/category/오브제-데코-스티커/82/
category,https://adeliedraw.cafe24.com/category/투명-스티커팩/83/,https://adeliedraw.com/category/투명-스티커팩/83/,https://shop.adeliedraw.com/category/투명-스티커팩/83/,301_or_308_preserve_path_query,/category/투명-스티커팩/83/
category,https://adeliedraw.cafe24.com/category/꽃자연-마테/84/,https://adeliedraw.com/category/꽃자연-마테/84/,https://shop.adeliedraw.com/category/꽃자연-마테/84/,301_or_308_preserve_path_query,/category/꽃자연-마테/84/
category,https://adeliedraw.cafe24.com/category/감성-드로잉-마테/85/,https://adeliedraw.com/category/감성-드로잉-마테/85/,https://shop.adeliedraw.com/category/감성-드로잉-마테/85/,301_or_308_preserve_path_query,/category/감성-드로잉-마테/85/
category,https://adeliedraw.cafe24.com/category/파스텔-톤-마테/86/,https://adeliedraw.com/category/파스텔-톤-마테/86/,https://shop.adeliedraw.com/category/파스텔-톤-마테/86/,301_or_308_preserve_path_query,/category/파스텔-톤-마테/86/
category,https://adeliedraw.cafe24.com/category/브라운-톤-마테/87/,https://adeliedraw.com/category/브라운-톤-마테/87/,https://shop.adeliedraw.com/category/브라운-톤-마테/87/,301_or_308_preserve_path_query,/category/브라운-톤-마테/87/
category,https://adeliedraw.cafe24.com/category/베이지-톤-마테/88/,https://adeliedraw.com/category/베이지-톤-마테/88/,https://shop.adeliedraw.com/category/베이지-톤-마테/88/,301_or_308_preserve_path_query,/category/베이지-톤-마테/88/
category,https://adeliedraw.cafe24.com/category/풍경-마스킹테이프/89/,https://adeliedraw.com/category/풍경-마스킹테이프/89/,https://shop.adeliedraw.com/category/풍경-마스킹테이프/89/,301_or_308_preserve_path_query,/category/풍경-마스킹테이프/89/
category,https://adeliedraw.cafe24.com/category/프레임-마스킹테이프/90/,https://adeliedraw.com/category/프레임-마스킹테이프/90/,https://shop.adeliedraw.com/category/프레임-마스킹테이프/90/,301_or_308_preserve_path_query,/category/프레임-마스킹테이프/90/
category,https://adeliedraw.cafe24.com/category/모눈-떡메모지/91/,https://adeliedraw.com/category/모눈-떡메모지/91/,https://shop.adeliedraw.com/category/모눈-떡메모지/91/,301_or_308_preserve_path_query,/category/모눈-떡메모지/91/
category,https://adeliedraw.cafe24.com/category/스토리-마스킹테이프/92/,https://adeliedraw.com/category/스토리-마스킹테이프/92/,https://shop.adeliedraw.com/category/스토리-마스킹테이프/92/,301_or_308_preserve_path_query,/category/스토리-마스킹테이프/92/
category,https://adeliedraw.cafe24.com/category/줄글-떡메모지/93/,https://adeliedraw.com/category/줄글-떡메모지/93/,https://shop.adeliedraw.com/category/줄글-떡메모지/93/,301_or_308_preserve_path_query,/category/줄글-떡메모지/93/
category,https://adeliedraw.cafe24.com/category/일러스트-떡메모지/94/,https://adeliedraw.com/category/일러스트-떡메모지/94/,https://shop.adeliedraw.com/category/일러스트-떡메모지/94/,301_or_308_preserve_path_query,/category/일러스트-떡메모지/94/
category,https://adeliedraw.cafe24.com/category/데일리가계부플래너/95/,https://adeliedraw.com/category/데일리가계부플래너/95/,https://shop.adeliedraw.com/category/데일리가계부플래너/95/,301_or_308_preserve_path_query,/category/데일리가계부플래너/95/
category,https://adeliedraw.cafe24.com/category/먼슬리-패드/96/,https://adeliedraw.com/category/먼슬리-패드/96/,https://shop.adeliedraw.com/category/먼슬리-패드/96/,301_or_308_preserve_path_query,/category/먼슬리-패드/96/
category,https://adeliedraw.cafe24.com/category/가죽-커버-다이어리/97/,https://adeliedraw.com/category/가죽-커버-다이어리/97/,https://shop.adeliedraw.com/category/가죽-커버-다이어리/97/,301_or_308_preserve_path_query,/category/가죽-커버-다이어리/97/
category,https://adeliedraw.cafe24.com/category/위클리-플래너/98/,https://adeliedraw.com/category/위클리-플래너/98/,https://shop.adeliedraw.com/category/위클리-플래너/98/,301_or_308_preserve_path_query,/category/위클리-플래너/98/
category,https://adeliedraw.cafe24.com/category/양장-노트/99/,https://adeliedraw.com/category/양장-노트/99/,https://shop.adeliedraw.com/category/양장-노트/99/,301_or_308_preserve_path_query,/category/양장-노트/99/
category,https://adeliedraw.cafe24.com/category/스티커용-핀셋/100/,https://adeliedraw.com/category/스티커용-핀셋/100/,https://shop.adeliedraw.com/category/스티커용-핀셋/100/,301_or_308_preserve_path_query,/category/스티커용-핀셋/100/
category,https://adeliedraw.cafe24.com/category/디자인-칼가위/101/,https://adeliedraw.com/category/디자인-칼가위/101/,https://shop.adeliedraw.com/category/디자인-칼가위/101/,301_or_308_preserve_path_query,/category/디자인-칼가위/101/
category,https://adeliedraw.cafe24.com/category/6공-바인더-노트/102/,https://adeliedraw.com/category/6공-바인더-노트/102/,https://shop.adeliedraw.com/category/6공-바인더-노트/102/,301_or_308_preserve_path_query,/category/6공-바인더-노트/102/
category,https://adeliedraw.cafe24.com/category/커팅-매트/103/,https://adeliedraw.com/category/커팅-매트/103/,https://shop.adeliedraw.com/category/커팅-매트/103/,301_or_308_preserve_path_query,/category/커팅-매트/103/
category,https://adeliedraw.cafe24.com/category/실링왁스-키트/104/,https://adeliedraw.com/category/실링왁스-키트/104/,https://shop.adeliedraw.com/category/실링왁스-키트/104/,301_or_308_preserve_path_query,/category/실링왁스-키트/104/
category,https://adeliedraw.cafe24.com/category/잉크-패드/105/,https://adeliedraw.com/category/잉크-패드/105/,https://shop.adeliedraw.com/category/잉크-패드/105/,301_or_308_preserve_path_query,/category/잉크-패드/105/
category,https://adeliedraw.cafe24.com/category/우드-스탬프/106/,https://adeliedraw.com/category/우드-스탬프/106/,https://shop.adeliedraw.com/category/우드-스탬프/106/,301_or_308_preserve_path_query,/category/우드-스탬프/106/
category,https://adeliedraw.cafe24.com/category/속지-클리어-포켓/107/,https://adeliedraw.com/category/속지-클리어-포켓/107/,https://shop.adeliedraw.com/category/속지-클리어-포켓/107/,301_or_308_preserve_path_query,/category/속지-클리어-포켓/107/
category,https://adeliedraw.cafe24.com/category/스티커-보관북/108/,https://adeliedraw.com/category/스티커-보관북/108/,https://shop.adeliedraw.com/category/스티커-보관북/108/,301_or_308_preserve_path_query,/category/스티커-보관북/108/
category,https://adeliedraw.cafe24.com/category/패브릭-파우치/109/,https://adeliedraw.com/category/패브릭-파우치/109/,https://shop.adeliedraw.com/category/패브릭-파우치/109/,301_or_308_preserve_path_query,/category/패브릭-파우치/109/
category,https://adeliedraw.cafe24.com/category/다색-볼펜/110/,https://adeliedraw.com/category/다색-볼펜/110/,https://shop.adeliedraw.com/category/다색-볼펜/110/,301_or_308_preserve_path_query,/category/다색-볼펜/110/
category,https://adeliedraw.cafe24.com/category/빈티지-컬러-젤펜/111/,https://adeliedraw.com/category/빈티지-컬러-젤펜/111/,https://shop.adeliedraw.com/category/빈티지-컬러-젤펜/111/,301_or_308_preserve_path_query,/category/빈티지-컬러-젤펜/111/
category,https://adeliedraw.cafe24.com/category/초미세-흑색-펜/112/,https://adeliedraw.com/category/초미세-흑색-펜/112/,https://shop.adeliedraw.com/category/초미세-흑색-펜/112/,301_or_308_preserve_path_query,/category/초미세-흑색-펜/112/
category,https://adeliedraw.cafe24.com/category/파스텔-형광펜/113/,https://adeliedraw.com/category/파스텔-형광펜/113/,https://shop.adeliedraw.com/category/파스텔-형광펜/113/,301_or_308_preserve_path_query,/category/파스텔-형광펜/113/
product,https://adeliedraw.cafe24.com/product/과일-스테인드-글라스-키스컷-테이프/263/,https://adeliedraw.com/product/과일-스테인드-글라스-키스컷-테이프/263/,https://shop.adeliedraw.com/product/과일-스테인드-글라스-키스컷-테이프/263/,301_or_308_preserve_path_query,/product/과일-스테인드-글라스-키스컷-테이프/263/
product,https://adeliedraw.cafe24.com/product/바다-스테인드-글라스-키스컷-테이프/264/,https://adeliedraw.com/product/바다-스테인드-글라스-키스컷-테이프/264/,https://shop.adeliedraw.com/product/바다-스테인드-글라스-키스컷-테이프/264/,301_or_308_preserve_path_query,/product/바다-스테인드-글라스-키스컷-테이프/264/
product,https://adeliedraw.cafe24.com/product/보태니컬-스테인드글라스-키스컷테이프/265/,https://adeliedraw.com/product/보태니컬-스테인드글라스-키스컷테이프/265/,https://shop.adeliedraw.com/product/보태니컬-스테인드글라스-키스컷테이프/265/,301_or_308_preserve_path_query,/product/보태니컬-스테인드글라스-키스컷테이프/265/
product,https://adeliedraw.cafe24.com/product/연꽃-스테인드-글라스-키스컷-테이프/266/,https://adeliedraw.com/product/연꽃-스테인드-글라스-키스컷-테이프/266/,https://shop.adeliedraw.com/product/연꽃-스테인드-글라스-키스컷-테이프/266/,301_or_308_preserve_path_query,/product/연꽃-스테인드-글라스-키스컷-테이프/266/
product,https://adeliedraw.cafe24.com/product/제비와-아이리스-스테인드-글라스-키스컷-테이프/267/,https://adeliedraw.com/product/제비와-아이리스-스테인드-글라스-키스컷-테이프/267/,https://shop.adeliedraw.com/product/제비와-아이리스-스테인드-글라스-키스컷-테이프/267/,301_or_308_preserve_path_query,/product/제비와-아이리스-스테인드-글라스-키스컷-테이프/267/
product,https://adeliedraw.cafe24.com/product/트로피컬-스테인드-글라스-키스컷-테이프/268/,https://adeliedraw.com/product/트로피컬-스테인드-글라스-키스컷-테이프/268/,https://shop.adeliedraw.com/product/트로피컬-스테인드-글라스-키스컷-테이프/268/,301_or_308_preserve_path_query,/product/트로피컬-스테인드-글라스-키스컷-테이프/268/
product,https://adeliedraw.cafe24.com/product/바닷속-메모지/269/,https://adeliedraw.com/product/바닷속-메모지/269/,https://shop.adeliedraw.com/product/바닷속-메모지/269/,301_or_308_preserve_path_query,/product/바닷속-메모지/269/
product,https://adeliedraw.cafe24.com/product/별-유영-메모지/270/,https://adeliedraw.com/product/별-유영-메모지/270/,https://shop.adeliedraw.com/product/별-유영-메모지/270/,301_or_308_preserve_path_query,/product/별-유영-메모지/270/
product,https://adeliedraw.cafe24.com/product/상큼-메모지/271/,https://adeliedraw.com/product/상큼-메모지/271/,https://shop.adeliedraw.com/product/상큼-메모지/271/,301_or_308_preserve_path_query,/product/상큼-메모지/271/
product,https://adeliedraw.cafe24.com/product/식빵-여우-메모지/272/,https://adeliedraw.com/product/식빵-여우-메모지/272/,https://shop.adeliedraw.com/product/식빵-여우-메모지/272/,301_or_308_preserve_path_query,/product/식빵-여우-메모지/272/
product,https://adeliedraw.cafe24.com/product/식사를-합시다-메모지/273/,https://adeliedraw.com/product/식사를-합시다-메모지/273/,https://shop.adeliedraw.com/product/식사를-합시다-메모지/273/,301_or_308_preserve_path_query,/product/식사를-합시다-메모지/273/
product,https://adeliedraw.cafe24.com/product/여우-리스트-메모지/274/,https://adeliedraw.com/product/여우-리스트-메모지/274/,https://shop.adeliedraw.com/product/여우-리스트-메모지/274/,301_or_308_preserve_path_query,/product/여우-리스트-메모지/274/
product,https://adeliedraw.cafe24.com/product/카레-도시락-메모지/275/,https://adeliedraw.com/product/카레-도시락-메모지/275/,https://shop.adeliedraw.com/product/카레-도시락-메모지/275/,301_or_308_preserve_path_query,/product/카레-도시락-메모지/275/
product,https://adeliedraw.cafe24.com/product/검은-고양이-씰스티커/276/,https://adeliedraw.com/product/검은-고양이-씰스티커/276/,https://shop.adeliedraw.com/product/검은-고양이-씰스티커/276/,301_or_308_preserve_path_query,/product/검은-고양이-씰스티커/276/
product,https://adeliedraw.cafe24.com/product/고양이-후르츠-스티커/277/,https://adeliedraw.com/product/고양이-후르츠-스티커/277/,https://shop.adeliedraw.com/product/고양이-후르츠-스티커/277/,301_or_308_preserve_path_query,/product/고양이-후르츠-스티커/277/
product,https://adeliedraw.cafe24.com/product/굿나잇-스티커/278/,https://adeliedraw.com/product/굿나잇-스티커/278/,https://shop.adeliedraw.com/product/굿나잇-스티커/278/,301_or_308_preserve_path_query,/product/굿나잇-스티커/278/
product,https://adeliedraw.cafe24.com/product/눈송이-요정들의-춤-씰스티커/279/,https://adeliedraw.com/product/눈송이-요정들의-춤-씰스티커/279/,https://shop.adeliedraw.com/product/눈송이-요정들의-춤-씰스티커/279/,301_or_308_preserve_path_query,/product/눈송이-요정들의-춤-씰스티커/279/
product,https://adeliedraw.cafe24.com/product/눈오는-마을-씰스티커/280/,https://adeliedraw.com/product/눈오는-마을-씰스티커/280/,https://shop.adeliedraw.com/product/눈오는-마을-씰스티커/280/,301_or_308_preserve_path_query,/product/눈오는-마을-씰스티커/280/
product,https://adeliedraw.cafe24.com/product/두바이-쫀득-토끼-스티커/281/,https://adeliedraw.com/product/두바이-쫀득-토끼-스티커/281/,https://shop.adeliedraw.com/product/두바이-쫀득-토끼-스티커/281/,301_or_308_preserve_path_query,/product/두바이-쫀득-토끼-스티커/281/
product,https://adeliedraw.cafe24.com/product/따뜻한-바다-우표-스티커/282/,https://adeliedraw.com/product/따뜻한-바다-우표-스티커/282/,https://shop.adeliedraw.com/product/따뜻한-바다-우표-스티커/282/,301_or_308_preserve_path_query,/product/따뜻한-바다-우표-스티커/282/
product,https://adeliedraw.cafe24.com/product/딸기밭-고양이-스티커/283/,https://adeliedraw.com/product/딸기밭-고양이-스티커/283/,https://shop.adeliedraw.com/product/딸기밭-고양이-스티커/283/,301_or_308_preserve_path_query,/product/딸기밭-고양이-스티커/283/
product,https://adeliedraw.cafe24.com/product/뜨개질-시간-씰스티커/284/,https://adeliedraw.com/product/뜨개질-시간-씰스티커/284/,https://shop.adeliedraw.com/product/뜨개질-시간-씰스티커/284/,301_or_308_preserve_path_query,/product/뜨개질-시간-씰스티커/284/
product,https://adeliedraw.cafe24.com/product/띵즈위러브-스티커/285/,https://adeliedraw.com/product/띵즈위러브-스티커/285/,https://shop.adeliedraw.com/product/띵즈위러브-스티커/285/,301_or_308_preserve_path_query,/product/띵즈위러브-스티커/285/
product,https://adeliedraw.cafe24.com/product/레몬-파운드-케이크-씰스티커/286/,https://adeliedraw.com/product/레몬-파운드-케이크-씰스티커/286/,https://shop.adeliedraw.com/product/레몬-파운드-케이크-씰스티커/286/,301_or_308_preserve_path_query,/product/레몬-파운드-케이크-씰스티커/286/
product,https://adeliedraw.cafe24.com/product/바구니-오리-씰스티커/287/,https://adeliedraw.com/product/바구니-오리-씰스티커/287/,https://shop.adeliedraw.com/product/바구니-오리-씰스티커/287/,301_or_308_preserve_path_query,/product/바구니-오리-씰스티커/287/
product,https://adeliedraw.cafe24.com/product/바다가-보이는-카페-씰스티커/288/,https://adeliedraw.com/product/바다가-보이는-카페-씰스티커/288/,https://shop.adeliedraw.com/product/바다가-보이는-카페-씰스티커/288/,301_or_308_preserve_path_query,/product/바다가-보이는-카페-씰스티커/288/
product,https://adeliedraw.cafe24.com/product/반짝반짝-별사탕-스티커/289/,https://adeliedraw.com/product/반짝반짝-별사탕-스티커/289/,https://shop.adeliedraw.com/product/반짝반짝-별사탕-스티커/289/,301_or_308_preserve_path_query,/product/반짝반짝-별사탕-스티커/289/
product,https://adeliedraw.cafe24.com/product/베이커리-쇼핑-씰스티커/290/,https://adeliedraw.com/product/베이커리-쇼핑-씰스티커/290/,https://shop.adeliedraw.com/product/베이커리-쇼핑-씰스티커/290/,301_or_308_preserve_path_query,/product/베이커리-쇼핑-씰스티커/290/
product,https://adeliedraw.cafe24.com/product/별이-떨어지는-곳에-스티커/291/,https://adeliedraw.com/product/별이-떨어지는-곳에-스티커/291/,https://shop.adeliedraw.com/product/별이-떨어지는-곳에-스티커/291/,301_or_308_preserve_path_query,/product/별이-떨어지는-곳에-스티커/291/
product,https://adeliedraw.cafe24.com/product/비-오는-날의-손님-스티커/292/,https://adeliedraw.com/product/비-오는-날의-손님-스티커/292/,https://shop.adeliedraw.com/product/비-오는-날의-손님-스티커/292/,301_or_308_preserve_path_query,/product/비-오는-날의-손님-스티커/292/
product,https://adeliedraw.cafe24.com/product/새해의-붉은-말-스티커/293/,https://adeliedraw.com/product/새해의-붉은-말-스티커/293/,https://shop.adeliedraw.com/product/새해의-붉은-말-스티커/293/,301_or_308_preserve_path_query,/product/새해의-붉은-말-스티커/293/
product,https://adeliedraw.cafe24.com/product/스프링-걸즈-씰스티커/294/,https://adeliedraw.com/product/스프링-걸즈-씰스티커/294/,https://shop.adeliedraw.com/product/스프링-걸즈-씰스티커/294/,301_or_308_preserve_path_query,/product/스프링-걸즈-씰스티커/294/
product,https://adeliedraw.cafe24.com/product/아기-오리들과-나들이-스티커/295/,https://adeliedraw.com/product/아기-오리들과-나들이-스티커/295/,https://shop.adeliedraw.com/product/아기-오리들과-나들이-스티커/295/,301_or_308_preserve_path_query,/product/아기-오리들과-나들이-스티커/295/
product,https://adeliedraw.cafe24.com/product/앤틱-캔들-스티커/296/,https://adeliedraw.com/product/앤틱-캔들-스티커/296/,https://shop.adeliedraw.com/product/앤틱-캔들-스티커/296/,301_or_308_preserve_path_query,/product/앤틱-캔들-스티커/296/
product,https://adeliedraw.cafe24.com/product/여름-피크닉-스티커/297/,https://adeliedraw.com/product/여름-피크닉-스티커/297/,https://shop.adeliedraw.com/product/여름-피크닉-스티커/297/,301_or_308_preserve_path_query,/product/여름-피크닉-스티커/297/
product,https://adeliedraw.cafe24.com/product/여우-허그-스티커/298/,https://adeliedraw.com/product/여우-허그-스티커/298/,https://shop.adeliedraw.com/product/여우-허그-스티커/298/,301_or_308_preserve_path_query,/product/여우-허그-스티커/298/
product,https://adeliedraw.cafe24.com/product/오리-쿠키-씰스티커/299/,https://adeliedraw.com/product/오리-쿠키-씰스티커/299/,https://shop.adeliedraw.com/product/오리-쿠키-씰스티커/299/,301_or_308_preserve_path_query,/product/오리-쿠키-씰스티커/299/
product,https://adeliedraw.cafe24.com/product/오리-허그-스티커/300/,https://adeliedraw.com/product/오리-허그-스티커/300/,https://shop.adeliedraw.com/product/오리-허그-스티커/300/,301_or_308_preserve_path_query,/product/오리-허그-스티커/300/
product,https://adeliedraw.cafe24.com/product/오후의-카페-우표-스티커/301/,https://adeliedraw.com/product/오후의-카페-우표-스티커/301/,https://shop.adeliedraw.com/product/오후의-카페-우표-스티커/301/,301_or_308_preserve_path_query,/product/오후의-카페-우표-스티커/301/
product,https://adeliedraw.cafe24.com/product/이-계절을-따뜻하게-스티커/302/,https://adeliedraw.com/product/이-계절을-따뜻하게-스티커/302/,https://shop.adeliedraw.com/product/이-계절을-따뜻하게-스티커/302/,301_or_308_preserve_path_query,/product/이-계절을-따뜻하게-스티커/302/
product,https://adeliedraw.cafe24.com/product/장미-토끼-씰스티커/303/,https://adeliedraw.com/product/장미-토끼-씰스티커/303/,https://shop.adeliedraw.com/product/장미-토끼-씰스티커/303/,301_or_308_preserve_path_query,/product/장미-토끼-씰스티커/303/
product,https://adeliedraw.cafe24.com/product/창문-밖-봄-풍경-스티커/304/,https://adeliedraw.com/product/창문-밖-봄-풍경-스티커/304/,https://shop.adeliedraw.com/product/창문-밖-봄-풍경-스티커/304/,301_or_308_preserve_path_query,/product/창문-밖-봄-풍경-스티커/304/
product,https://adeliedraw.cafe24.com/product/캄파눌라-씰스티커/305/,https://adeliedraw.com/product/캄파눌라-씰스티커/305/,https://shop.adeliedraw.com/product/캄파눌라-씰스티커/305/,301_or_308_preserve_path_query,/product/캄파눌라-씰스티커/305/
product,https://adeliedraw.cafe24.com/product/클로버와-토끼-스티커/306/,https://adeliedraw.com/product/클로버와-토끼-스티커/306/,https://shop.adeliedraw.com/product/클로버와-토끼-스티커/306/,301_or_308_preserve_path_query,/product/클로버와-토끼-스티커/306/
product,https://adeliedraw.cafe24.com/product/펭귄-우체부의-선물-씰스티커/307/,https://adeliedraw.com/product/펭귄-우체부의-선물-씰스티커/307/,https://shop.adeliedraw.com/product/펭귄-우체부의-선물-씰스티커/307/,301_or_308_preserve_path_query,/product/펭귄-우체부의-선물-씰스티커/307/
product,https://adeliedraw.cafe24.com/product/펭귄-호텔에-어서오세요-씰스티커/308/,https://adeliedraw.com/product/펭귄-호텔에-어서오세요-씰스티커/308/,https://shop.adeliedraw.com/product/펭귄-호텔에-어서오세요-씰스티커/308/,301_or_308_preserve_path_query,/product/펭귄-호텔에-어서오세요-씰스티커/308/
product,https://adeliedraw.cafe24.com/product/푸딩-스티커/309/,https://adeliedraw.com/product/푸딩-스티커/309/,https://shop.adeliedraw.com/product/푸딩-스티커/309/,301_or_308_preserve_path_query,/product/푸딩-스티커/309/
product,https://adeliedraw.cafe24.com/product/푸른-수국-스티커/310/,https://adeliedraw.com/product/푸른-수국-스티커/310/,https://shop.adeliedraw.com/product/푸른-수국-스티커/310/,301_or_308_preserve_path_query,/product/푸른-수국-스티커/310/
product,https://adeliedraw.cafe24.com/product/플룻과-장미-정원-스티커/311/,https://adeliedraw.com/product/플룻과-장미-정원-스티커/311/,https://shop.adeliedraw.com/product/플룻과-장미-정원-스티커/311/,301_or_308_preserve_path_query,/product/플룻과-장미-정원-스티커/311/
product,https://adeliedraw.cafe24.com/product/홈스윗홈-씰스티커/312/,https://adeliedraw.com/product/홈스윗홈-씰스티커/312/,https://shop.adeliedraw.com/product/홈스윗홈-씰스티커/312/,301_or_308_preserve_path_query,/product/홈스윗홈-씰스티커/312/
product,https://adeliedraw.cafe24.com/product/회색-태비-씰스티커/313/,https://adeliedraw.com/product/회색-태비-씰스티커/313/,https://shop.adeliedraw.com/product/회색-태비-씰스티커/313/,301_or_308_preserve_path_query,/product/회색-태비-씰스티커/313/
